sensor_id,x_mm,y_mm,region
1,63.743,247.982,middle
2,55.219,247.921,middle
3,59.875,247.916,middle
4,63.398,244.2,middle
5,55.963,243.977,middle
6,60.038,243.966,middle
7,46.374,242.115,ring
8,42.398,241.975,ring
9,38.116,241.791,ring
10,83.752,240.73,index
11,79.373,240.619,index
12,62.702,240.525,middle
13,74.858,240.481,index
14,57.018,240.397,middle
15,60.048,240.311,middle
16,46.357,238.351,ring
17,42.574,238.108,ring
18,39.03,238.019,ring
19,62.701,237.292,middle
20,60.102,237.093,middle
21,83.424,237.003,index
22,56.948,236.995,middle
23,79.636,236.656,index
24,75.843,236.378,index
25,39.952,234.813,ring
26,45.451,234.661,ring
27,42.652,234.652,ring
28,82.362,233.081,index
29,79.846,233.057,index
30,76.735,232.977,index
31,42.628,231.36,ring
32,44.962,231.359,ring
33,40.106,231.23,ring
34,79.893,229.76,index
35,82.444,229.709,index
36,76.716,229.487,index
37,60.437,222.004,middle
38,28.647,220.048,little
39,25.337,219.96,little
40,21.487,219.598,little
41,28.601,216.433,little
42,25.382,216.179,little
43,21.911,216.065,little
44,43.288,216.037,ring
45,80.35,215.357,index
46,27.965,212.526,little
47,25.599,212.359,little
48,22.635,212.259,little
49,60.905,211.587,middle
50,27.849,209.258,little
51,25.56,209.251,little
52,22.948,209.197,little
53,80.787,205.98,index
54,43.566,205.877,ring
55,61.428,200.663,middle
56,26.26,197.97,little
57,81.035,195.734,index
58,43.706,195.258,ring
59,26.328,190.362,little
60,61.792,188.916,middle
61,81.335,185.253,index
62,43.918,184.954,ring
63,26.728,183.814,little
64,126.464,180.798,thumb
65,62.119,178.734,middle
66,131.164,177.969,thumb
67,26.89,177.23,little
68,44.078,176.978,ring
69,124.499,176.777,thumb
70,81.649,176.508,index
71,135.424,174.956,thumb
72,129.21,173.962,thumb
73,122.646,173.267,thumb
74,61.927,172.317,middle
75,133.615,171.46,thumb
76,81.413,171.249,index
77,27.363,170.162,little
78,126.908,170.05,thumb
79,44.611,169.965,ring
80,120.535,169.633,thumb
81,131.331,167.534,thumb
82,27.631,166.547,little
83,124.964,166.473,thumb
84,129.192,163.353,thumb
85,58.662,158.771,palm
86,63.105,158.654,palm
87,53.936,158.357,palm
88,67.657,158.162,palm
89,119.278,157.556,thumb
90,49.42,157.497,palm
91,72.379,156.987,palm
92,45.088,155.987,palm
93,40.695,153.824,palm
94,116.944,153.751,thumb
95,37.031,151.449,palm
96,114.626,149.895,thumb
97,33.161,148.41,palm
98,111.899,145.928,thumb
99,30.295,144.943,palm
100,63.316,142.488,palm
101,67.803,142.281,palm
102,58.429,142.269,palm
103,109.155,142.096,thumb
104,54.085,141.596,palm
105,72.916,141.417,palm
106,49.93,140.468,palm
107,80.712,139.491,palm
108,106.473,139.031,thumb
109,45.939,139.004,palm
110,42.04,136.942,palm
111,87.327,136.762,palm
112,38.347,134.397,palm
113,93.509,134.094,palm
114,99.544,131.582,palm
115,34.764,131.415,palm
116,105.465,129.117,palm
117,31.898,127.859,palm
118,68.002,127.499,palm
119,63.309,127.404,palm
120,58.933,127.237,palm
121,72.91,126.953,palm
122,54.502,126.506,palm
123,78.203,125.906,palm
124,50.539,125.279,palm
125,82.889,124.421,palm
126,46.904,124.179,palm
127,87.427,122.994,palm
128,42.976,122.241,palm
129,91.471,121.768,palm
130,95.874,120.114,palm
131,39.303,119.836,palm
132,100.735,118.745,palm
133,35.787,117.032,palm
134,63.3,115.281,palm
135,67.594,115.2,palm
136,59.238,114.948,palm
137,72.322,114.585,palm
138,55.111,114.218,palm
139,76.891,113.516,palm
140,51.787,112.818,palm
141,80.978,112.388,palm
142,48.655,111.531,palm
143,84.998,111.019,palm
144,89.524,110.301,palm
145,45.687,110.048,palm
146,94.0,109.274,palm
147,98.643,108.011,palm
148,42.386,107.677,palm
149,39.475,105.686,palm
150,67.743,101.771,palm
151,64.4,101.444,palm
152,72.074,101.332,palm
153,60.611,101.129,palm
154,76.508,101.073,palm
155,56.926,100.693,palm
156,81.155,100.639,palm
157,53.764,100.131,palm
158,85.429,99.917,palm
159,51.135,99.359,palm
160,90.093,99.197,palm
161,48.272,98.585,palm
162,95.188,98.249,palm
163,45.684,98.064,palm
164,42.988,97.553,palm
165,40.307,97.035,palm
